Data/Hora, Temperatura Externa, Temperatura Interna, Temperatura Referencia, Sinal de Controle
2021-09-07 16:49:05, 32.539, 68.312, 67.000, -8%
2021-09-07 16:49:07, 32.539, 68.438, 67.000, -11%
2021-09-07 16:49:09, 32.540, 68.438, 67.000, -15%
2021-09-07 16:49:11, 32.541, 68.562, 67.000, -17%
2021-09-07 16:49:13, 32.541, 68.688, 67.000, -21%
2021-09-07 16:49:15, 32.541, 68.750, 67.000, -25%
2021-09-07 16:49:17, 32.538, 68.750, 67.000, -29%
2021-09-07 16:49:19, 32.536, 68.875, 67.000, -33%
2021-09-07 16:49:21, 32.532, 68.875, 67.000, -37%
2021-09-07 16:49:23, 32.529, 69.062, 67.000, -41%
2021-09-07 16:49:25, 32.525, 69.062, 67.000, -46%
2021-09-07 16:49:27, 32.523, 69.062, 67.000, -50%
2021-09-07 16:49:29, 32.518, 69.000, 67.000, -54%
2021-09-07 16:49:31, 32.513, 68.938, 67.000, -58%
2021-09-07 16:49:33, 32.508, 68.688, 67.000, -61%
2021-09-07 16:49:35, 32.503, 68.688, 67.000, -63%
2021-09-07 16:49:37, 32.499, 68.438, 67.000, -67%
2021-09-07 16:49:39, 32.496, 68.062, 67.000, -68%
2021-09-07 16:49:41, 32.494, 67.750, 67.000, -69%
2021-09-07 16:49:43, 32.493, 67.375, 67.000, -69%
2021-09-07 16:49:45, 32.493, 67.375, 67.000, -67%
2021-09-07 16:49:47, 32.493, 67.000, 67.000, -68%
2021-09-07 16:49:49, 32.493, 66.625, 67.000, -66%
2021-09-07 16:49:51, 32.493, 66.312, 67.000, -64%
2021-09-07 16:49:53, 32.493, 66.312, 67.000, -61%
2021-09-07 16:49:55, 32.495, 65.938, 67.000, -59%
2021-09-07 16:49:57, 32.496, 65.562, 67.000, -55%
2021-09-07 16:49:59, 32.499, 65.250, 67.000, -51%
2021-09-07 16:50:01, 32.501, 65.000, 67.000, -46%
2021-09-07 16:50:03, 32.504, 65.000, 67.000, -40%
2021-09-07 16:50:05, 32.506, 64.688, 67.000, -36%
2021-09-07 16:50:07, 32.508, 64.562, 67.000, -30%
2021-09-07 16:50:09, 32.509, 64.500, 67.000, -25%
2021-09-07 16:50:11, 32.510, 64.500, 67.000, -19%
2021-09-07 16:50:13, 32.511, 64.500, 67.000, -14%
2021-09-07 16:50:15, 32.512, 64.500, 67.000, -9%
2021-09-07 16:50:17, 32.513, 64.438, 67.000, -4%
2021-09-07 16:50:19, 32.513, 64.375, 67.000, 0%
2021-09-07 16:50:21, 32.512, 64.375, 67.000, 6%
2021-09-07 16:50:23, 32.510, 64.375, 67.000, 11%
2021-09-07 16:50:25, 32.509, 64.250, 67.000, 16%
2021-09-07 16:50:27, 32.510, 64.188, 67.000, 22%
2021-09-07 16:50:29, 32.511, 64.188, 67.000, 28%
2021-09-07 16:50:31, 32.514, 64.125, 67.000, 34%
2021-09-07 16:50:33, 32.515, 64.188, 67.000, 40%
2021-09-07 16:50:35, 32.518, 64.125, 67.000, 45%
2021-09-07 16:50:37, 32.519, 64.125, 67.000, 51%
2021-09-07 16:50:39, 32.522, 64.125, 67.000, 57%
2021-09-07 16:50:41, 32.523, 64.188, 67.000, 63%
2021-09-07 16:50:43, 32.525, 64.250, 67.000, 68%
2021-09-07 16:50:45, 32.527, 64.375, 67.000, 73%
2021-09-07 16:50:47, 32.529, 64.375, 67.000, 78%
2021-09-07 16:50:49, 32.530, 64.500, 67.000, 83%
2021-09-07 16:50:51, 32.531, 64.688, 67.000, 88%
2021-09-07 16:50:53, 32.532, 64.875, 67.000, 91%
2021-09-07 16:50:55, 32.534, 65.125, 67.000, 95%
2021-09-07 16:50:57, 32.535, 65.125, 67.000, 97%
2021-09-07 16:50:59, 32.533, 65.438, 67.000, 100%
2021-09-07 16:51:01, 32.531, 65.750, 67.000, 100%
2021-09-07 16:51:03, 32.530, 66.188, 67.000, 100%
2021-09-07 16:51:05, 32.528, 66.188, 67.000, 100%
2021-09-07 16:51:07, 32.527, 66.562, 67.000, 100%
2021-09-07 16:51:09, 32.527, 67.000, 67.000, 100%
2021-09-07 16:51:11, 32.528, 67.438, 67.000, 100%
2021-09-07 16:51:13, 32.529, 67.938, 67.000, 96%
2021-09-07 16:51:15, 32.530, 67.938, 67.000, 92%
2021-09-07 16:51:17, 32.531, 68.500, 55.000, -41%
2021-09-07 16:51:19, 32.533, 69.062, 55.000, -11%
2021-09-07 16:51:21, 32.536, 69.562, 55.000, -42%
2021-09-07 16:51:23, 32.539, 69.562, 55.000, -73%
2021-09-07 16:51:25, 32.541, 70.062, 55.000, -100%
2021-09-07 16:51:27, 32.542, 70.250, 55.000, -100%
2021-09-07 16:51:29, 32.545, 70.250, 55.000, -100%
2021-09-07 16:51:31, 32.548, 70.125, 55.000, -100%
2021-09-07 16:51:33, 32.552, 70.125, 55.000, -100%
2021-09-07 16:51:35, 32.557, 69.938, 55.000, -100%
2021-09-07 16:51:37, 32.558, 69.750, 55.000, -100%
2021-09-07 16:51:39, 32.562, 69.562, 55.000, -100%
2021-09-07 16:51:41, 32.566, 69.562, 55.000, -100%
2021-09-07 16:51:43, 32.571, 69.250, 55.000, -100%
2021-09-07 16:51:45, 32.576, 68.938, 55.000, -100%
2021-09-07 16:51:47, 32.582, 68.688, 55.000, -100%
2021-09-07 16:51:49, 32.586, 68.375, 55.000, -100%
2021-09-07 16:51:51, 32.589, 68.375, 55.000, -100%
2021-09-07 16:51:53, 32.593, 68.000, 55.000, -100%
2021-09-07 16:51:55, 32.596, 67.688, 55.000, -100%
2021-09-07 16:51:57, 32.599, 67.312, 55.000, -100%
2021-09-07 16:51:59, 32.600, 67.312, 55.000, -100%
2021-09-07 16:52:01, 32.603, 66.938, 55.000, -100%
2021-09-07 16:52:03, 32.607, 66.562, 55.000, -100%
2021-09-07 16:52:05, 32.611, 66.250, 55.000, -100%
2021-09-07 16:52:07, 32.613, 66.250, 55.000, -100%
2021-09-07 16:52:09, 32.618, 65.812, 55.000, -100%
2021-09-07 16:52:11, 32.623, 65.438, 55.000, -100%
2021-09-07 16:52:13, 32.627, 65.062, 55.000, -100%
2021-09-07 16:52:15, 32.630, 64.688, 55.000, -100%
2021-09-07 16:52:17, 32.634, 64.688, 55.000, -100%
2021-09-07 16:52:19, 32.636, 64.312, 55.000, -100%
2021-09-07 16:52:21, 32.639, 63.938, 55.000, -100%
2021-09-07 16:52:23, 32.643, 63.500, 55.000, -100%
2021-09-07 16:52:25, 32.646, 63.500, 55.000, -100%
2021-09-07 16:52:27, 32.649, 63.188, 55.000, -100%
2021-09-07 16:52:29, 32.652, 62.750, 55.000, -100%
2021-09-07 16:52:31, 32.656, 62.375, 55.000, -100%
2021-09-07 16:52:33, 32.658, 62.000, 55.000, -100%
2021-09-07 16:52:35, 32.661, 62.000, 55.000, -100%
2021-09-07 16:52:37, 32.663, 61.562, 55.000, -100%
2021-09-07 16:52:39, 32.665, 61.188, 55.000, -100%
2021-09-07 16:52:41, 32.666, 60.812, 55.000, -100%
2021-09-07 16:52:43, 32.667, 60.812, 55.000, -100%
2021-09-07 16:52:45, 32.668, 60.438, 55.000, -100%
2021-09-07 16:52:47, 32.670, 60.062, 55.000, -100%
2021-09-07 16:52:49, 32.671, 59.688, 55.000, -100%
2021-09-07 16:52:51, 32.673, 59.312, 55.000, -100%
2021-09-07 16:52:53, 32.676, 59.312, 55.000, -100%
2021-09-07 16:52:55, 32.678, 59.000, 55.000, -100%
2021-09-07 16:52:57, 32.681, 58.625, 55.000, -100%
2021-09-07 16:52:59, 32.683, 58.250, 55.000, -100%
2021-09-07 16:53:01, 32.686, 58.250, 55.000, -100%
2021-09-07 16:53:03, 32.687, 57.875, 55.000, -100%
2021-09-07 16:53:05, 32.689, 57.500, 55.000, -100%
2021-09-07 16:53:07, 32.692, 57.125, 55.000, -100%
2021-09-07 16:53:09, 32.692, 56.750, 55.000, -100%
2021-09-07 16:53:11, 32.694, 56.750, 55.000, -100%
2021-09-07 16:53:13, 32.695, 56.438, 55.000, -100%
2021-09-07 16:53:15, 32.697, 56.125, 55.000, -100%
2021-09-07 16:53:17, 32.697, 55.750, 55.000, -100%
2021-09-07 16:53:19, 32.698, 55.750, 55.000, -100%
2021-09-07 16:53:21, 32.699, 55.375, 55.000, -100%
2021-09-07 16:53:23, 32.700, 55.062, 55.000, -100%
2021-09-07 16:53:25, 32.701, 54.750, 55.000, -100%
2021-09-07 16:53:27, 32.701, 54.500, 55.000, -98%
2021-09-07 16:53:29, 32.701, 54.500, 55.000, -96%
2021-09-07 16:53:31, 32.702, 54.250, 55.000, -95%
2021-09-07 16:53:33, 32.703, 54.000, 55.000, -92%
2021-09-07 16:53:35, 32.703, 53.812, 55.000, -89%
2021-09-07 16:53:37, 32.703, 53.625, 55.000, -85%
2021-09-07 16:53:39, 32.703, 53.625, 55.000, -82%
2021-09-07 16:53:41, 32.702, 53.438, 55.000, -79%
2021-09-07 16:53:43, 32.702, 53.250, 55.000, -75%
2021-09-07 16:53:45, 32.700, 53.062, 55.000, -70%
2021-09-07 16:53:47, 32.699, 53.062, 55.000, -65%
2021-09-07 16:53:49, 32.698, 52.875, 55.000, -62%
2021-09-07 16:53:51, 32.696, 52.750, 55.000, -56%
2021-09-07 16:53:53, 32.696, 52.562, 55.000, -51%
2021-09-07 16:53:55, 32.696, 52.375, 55.000, -45%
2021-09-07 16:53:57, 32.696, 52.375, 55.000, -39%
2021-09-07 16:53:59, 32.695, 52.250, 55.000, -34%
2021-09-07 16:54:01, 32.694, 52.188, 55.000, -28%
2021-09-07 16:54:03, 32.694, 52.188, 55.000, -22%
2021-09-07 16:54:05, 32.693, 52.188, 55.000, -16%
2021-09-07 16:54:07, 32.692, 52.188, 55.000, -11%
2021-09-07 16:54:09, 32.689, 52.188, 55.000, -5%
2021-09-07 16:54:11, 32.687, 52.188, 55.000, 0%
2021-09-07 16:54:13, 32.685, 52.188, 55.000, 5%
2021-09-07 16:54:15, 32.682, 52.188, 55.000, 11%
2021-09-07 16:54:17, 32.680, 52.250, 55.000, 16%
2021-09-07 16:54:19, 32.677, 52.250, 55.000, 22%
2021-09-07 16:54:21, 32.674, 52.250, 55.000, 27%
2021-09-07 16:54:23, 32.670, 52.250, 55.000, 33%
2021-09-07 16:54:25, 32.668, 52.312, 55.000, 38%
2021-09-07 16:54:27, 32.665, 52.312, 55.000, 43%
2021-09-07 16:54:29, 32.664, 52.375, 55.000, 49%
2021-09-07 16:54:31, 32.662, 52.438, 55.000, 54%
2021-09-07 16:54:33, 32.661, 52.438, 55.000, 58%
2021-09-07 16:54:35, 32.659, 52.562, 55.000, 63%
2021-09-07 16:54:37, 32.657, 52.688, 55.000, 68%
2021-09-07 16:54:39, 32.654, 52.875, 55.000, 72%
2021-09-07 16:54:41, 32.652, 52.875, 55.000, 75%
2021-09-07 16:54:43, 32.649, 53.062, 55.000, 79%
2021-09-07 16:54:45, 32.645, 53.375, 55.000, 82%
2021-09-07 16:54:47, 32.642, 53.625, 55.000, 84%
2021-09-07 16:54:49, 32.640, 53.875, 55.000, 85%
2021-09-07 16:54:51, 32.638, 53.875, 55.000, 86%
2021-09-07 16:54:53, 32.637, 54.250, 55.000, 89%
2021-09-07 16:54:55, 32.636, 54.625, 55.000, 88%
2021-09-07 16:54:57, 32.635, 55.000, 55.000, 87%
2021-09-07 16:54:59, 32.634, 55.000, 55.000, 85%
2021-09-07 16:55:01, 32.633, 55.500, 55.000, 85%
2021-09-07 16:55:03, 32.632, 55.938, 55.000, 82%
2021-09-07 16:55:05, 32.630, 56.438, 55.000, 78%
2021-09-07 16:55:07, 32.628, 56.938, 55.000, 72%
2021-09-07 16:55:09, 32.626, 56.938, 55.000, 66%
2021-09-07 16:55:11, 32.625, 57.438, 55.000, 62%
2021-09-07 16:55:13, 32.624, 58.000, 55.000, 55%
2021-09-07 16:55:15, 32.622, 58.562, 55.000, 46%
2021-09-07 16:55:17, 32.621, 58.562, 55.000, 36%
2021-09-07 16:55:19, 32.620, 59.125, 55.000, 29%
2021-09-07 16:55:21, 32.620, 59.625, 55.000, 18%
2021-09-07 16:55:23, 32.618, 60.125, 55.000, 6%
2021-09-07 16:55:25, 32.616, 60.625, 55.000, -6%
2021-09-07 16:55:27, 32.614, 60.625, 55.000, -20%
2021-09-07 16:55:29, 32.613, 61.000, 55.000, -31%
2021-09-07 16:55:31, 32.611, 61.500, 55.000, -45%
2021-09-07 16:55:33, 32.607, 61.875, 55.000, -60%
2021-09-07 16:55:35, 32.606, 61.875, 55.000, -76%
2021-09-07 16:55:37, 32.602, 62.125, 55.000, -90%
2021-09-07 16:55:39, 32.599, 62.188, 55.000, -100%
2021-09-07 16:55:41, 32.597, 62.125, 55.000, -100%
2021-09-07 16:55:43, 32.595, 62.062, 55.000, -100%
2021-09-07 16:55:45, 32.595, 62.062, 55.000, -100%
2021-09-07 16:55:47, 32.597, 61.938, 55.000, -100%
2021-09-07 16:55:49, 32.599, 61.750, 55.000, -100%
2021-09-07 16:55:51, 32.601, 61.562, 55.000, -100%
2021-09-07 16:55:53, 32.605, 61.562, 55.000, -100%
2021-09-07 16:55:55, 32.607, 61.375, 55.000, -100%
2021-09-07 16:55:57, 32.610, 61.125, 55.000, -100%
2021-09-07 16:55:59, 32.613, 60.875, 55.000, -100%
2021-09-07 16:56:01, 32.617, 60.625, 55.000, -100%
2021-09-07 16:56:03, 32.621, 60.625, 55.000, -100%
2021-09-07 16:56:05, 32.625, 60.312, 55.000, -100%
2021-09-07 16:56:07, 32.628, 60.062, 55.000, -100%
2021-09-07 16:56:09, 32.632, 59.750, 55.000, -100%
2021-09-07 16:56:11, 32.636, 59.750, 55.000, -100%
2021-09-07 16:56:13, 32.639, 59.438, 55.000, -100%
2021-09-07 16:56:15, 32.641, 59.125, 55.000, -100%
2021-09-07 16:56:17, 32.643, 58.812, 55.000, -100%
2021-09-07 16:56:19, 32.646, 58.500, 55.000, -100%
2021-09-07 16:56:21, 32.649, 58.500, 55.000, -100%
2021-09-07 16:56:23, 32.652, 58.188, 55.000, -100%
2021-09-07 16:56:25, 32.654, 57.875, 55.000, -100%
2021-09-07 16:56:27, 32.656, 57.562, 55.000, -100%
2021-09-07 16:56:29, 32.658, 57.562, 55.000, -100%
2021-09-07 16:56:31, 32.660, 57.250, 66.000, 5%
2021-09-07 16:56:33, 32.661, 56.938, 66.000, -30%
2021-09-07 16:56:35, 32.663, 56.750, 66.000, -10%
2021-09-07 16:56:37, 32.664, 56.812, 66.000, 8%
2021-09-07 16:56:39, 32.665, 56.812, 66.000, 26%
2021-09-07 16:56:41, 32.665, 56.812, 66.000, 45%
2021-09-07 16:56:43, 32.666, 56.875, 66.000, 63%
2021-09-07 16:56:45, 32.666, 57.000, 66.000, 81%
2021-09-07 16:56:47, 32.666, 57.000, 66.000, 98%
2021-09-07 16:56:49, 32.666, 57.062, 66.000, 100%
2021-09-07 16:56:51, 32.665, 57.250, 66.000, 100%
2021-09-07 16:56:53, 32.665, 57.500, 66.000, 100%
2021-09-07 16:56:55, 32.664, 57.750, 66.000, 100%
2021-09-07 16:56:57, 32.663, 57.750, 66.000, 100%
2021-09-07 16:56:59, 32.663, 58.062, 66.000, 100%
2021-09-07 16:57:01, 32.664, 58.500, 66.000, 100%
2021-09-07 16:57:03, 32.664, 58.875, 66.000, 100%
2021-09-07 16:57:05, 32.664, 58.875, 66.000, 100%
2021-09-07 16:57:07, 32.664, 59.312, 66.000, 100%
2021-09-07 16:57:09, 32.665, 59.812, 66.000, 100%
2021-09-07 16:57:11, 32.666, 60.375, 66.000, 100%
2021-09-07 16:57:13, 32.667, 60.938, 66.000, 100%
2021-09-07 16:57:15, 32.667, 60.938, 66.000, 100%
2021-09-07 16:57:17, 32.667, 61.500, 66.000, 100%
2021-09-07 16:57:19, 32.667, 62.125, 66.000, 100%
2021-09-07 16:57:21, 32.667, 62.750, 66.000, 100%
2021-09-07 16:57:23, 32.665, 62.750, 66.000, 100%
2021-09-07 16:57:25, 32.663, 63.438, 66.000, 100%
2021-09-07 16:57:27, 32.662, 64.062, 66.000, 100%
2021-09-07 16:57:29, 32.660, 64.812, 66.000, 100%
2021-09-07 16:57:31, 32.658, 65.500, 66.000, 100%
2021-09-07 16:57:33, 32.657, 65.500, 66.000, 100%
2021-09-07 16:57:35, 32.656, 66.188, 66.000, 100%
2021-09-07 16:57:37, 32.655, 66.938, 66.000, 98%
2021-09-07 16:57:39, 32.654, 67.688, 66.000, 93%
2021-09-07 16:57:41, 32.654, 67.688, 66.000, 85%
2021-09-07 16:57:43, 32.654, 68.500, 66.000, 82%
2021-09-07 16:57:45, 32.652, 69.188, 66.000, 73%
2021-09-07 16:57:47, 32.651, 69.938, 66.000, 63%
2021-09-07 16:57:49, 32.650, 70.688, 66.000, 52%
2021-09-07 16:57:51, 32.649, 70.688, 66.000, 38%
2021-09-07 16:57:53, 32.648, 71.375, 66.000, 29%
2021-09-07 16:57:55, 32.647, 72.062, 66.000, 15%
2021-09-07 16:57:57, 32.647, 72.750, 66.000, 0%
2021-09-07 16:57:59, 32.647, 72.750, 66.000, -17%
2021-09-07 16:58:01, 32.649, 73.375, 66.000, -30%
2021-09-07 16:58:03, 32.651, 73.938, 66.000, -48%
2021-09-07 16:58:05, 32.653, 74.438, 66.000, -67%
2021-09-07 16:58:07, 32.655, 74.750, 66.000, -86%
2021-09-07 16:58:09, 32.659, 74.750, 66.000, -100%
2021-09-07 16:58:11, 32.664, 74.812, 66.000, -100%
2021-09-07 16:58:13, 32.668, 74.750, 66.000, -100%
2021-09-07 16:58:15, 32.673, 74.625, 66.000, -100%
2021-09-07 16:58:17, 32.679, 74.625, 66.000, -100%
2021-09-07 16:58:19, 32.685, 74.375, 66.000, -100%
2021-09-07 16:58:21, 32.691, 74.125, 66.000, -100%
2021-09-07 16:58:23, 32.698, 73.812, 66.000, -100%
2021-09-07 16:58:25, 32.705, 73.812, 66.000, -100%
2021-09-07 16:58:27, 32.709, 73.500, 66.000, -100%
2021-09-07 16:58:29, 32.716, 73.188, 66.000, -100%
2021-09-07 16:58:31, 32.723, 72.875, 66.000, -100%
2021-09-07 16:58:33, 32.730, 72.500, 66.000, -100%
2021-09-07 16:58:35, 32.736, 72.500, 66.000, -100%
2021-09-07 16:58:37, 32.743, 72.125, 66.000, -100%
2021-09-07 16:58:39, 32.748, 71.750, 66.000, -100%
2021-09-07 16:58:41, 32.754, 71.312, 66.000, -100%
2021-09-07 16:58:43, 32.760, 71.312, 66.000, -100%
2021-09-07 16:58:45, 32.765, 70.875, 66.000, -100%
2021-09-07 16:58:47, 32.770, 70.438, 66.000, -100%
2021-09-07 16:58:49, 32.773, 70.062, 66.000, -100%
2021-09-07 16:58:51, 32.778, 69.625, 66.000, -100%
2021-09-07 16:58:53, 32.784, 69.625, 66.000, -100%
2021-09-07 16:58:55, 32.789, 69.188, 66.000, -100%
2021-09-07 16:58:57, 32.794, 68.750, 66.000, -100%
2021-09-07 16:58:59, 32.798, 68.375, 66.000, -100%
2021-09-07 16:59:01, 32.802, 68.375, 66.000, -100%
2021-09-07 16:59:03, 32.805, 67.938, 66.000, -100%
2021-09-07 16:59:05, 32.808, 67.500, 66.000, -100%
2021-09-07 16:59:07, 32.812, 67.000, 66.000, -100%
2021-09-07 16:59:09, 32.814, 66.562, 66.000, -100%
2021-09-07 16:59:11, 32.817, 66.562, 66.000, -100%
2021-09-07 16:59:13, 32.819, 66.188, 66.000, -100%
2021-09-07 16:59:15, 32.822, 65.750, 66.000, -100%
2021-09-07 16:59:17, 32.824, 65.312, 66.000, -98%
2021-09-07 16:59:19, 32.826, 65.312, 66.000, -94%
2021-09-07 16:59:21, 32.828, 65.000, 66.000, -93%
2021-09-07 16:59:23, 32.829, 64.750, 66.000, -89%
2021-09-07 16:59:25, 32.831, 64.500, 66.000, -86%
2021-09-07 16:59:27, 32.833, 64.250, 66.000, -81%
2021-09-07 16:59:29, 32.834, 64.250, 66.000, -77%
2021-09-07 16:59:31, 32.836, 64.000, 66.000, -73%
2021-09-07 16:59:33, 32.838, 63.750, 66.000, -68%
2021-09-07 16:59:35, 32.840, 63.500, 66.000, -62%
2021-09-07 16:59:37, 32.841, 63.500, 66.000, -56%
2021-09-07 16:59:39, 32.843, 63.250, 66.000, -51%
2021-09-07 16:59:41, 32.844, 63.000, 66.000, -44%
2021-09-07 16:59:43, 32.846, 62.750, 66.000, -37%
2021-09-07 16:59:45, 32.847, 62.688, 66.000, -29%
2021-09-07 16:59:47, 32.848, 62.688, 66.000, -22%
2021-09-07 16:59:49, 32.848, 62.688, 66.000, -15%
2021-09-07 16:59:51, 32.847, 62.688, 66.000, -9%
2021-09-07 16:59:53, 32.845, 62.688, 66.000, -2%
2021-09-07 16:59:55, 32.842, 62.688, 66.000, 3%
2021-09-07 16:59:57, 32.839, 62.750, 66.000, 10%
2021-09-07 16:59:59, 32.835, 62.750, 66.000, 16%
2021-09-07 17:00:01, 32.831, 62.750, 66.000, 23%
2021-09-07 17:00:03, 32.826, 62.812, 66.000, 29%
2021-09-07 17:00:05, 32.822, 62.812, 66.000, 35%
2021-09-07 17:00:07, 32.818, 62.812, 66.000, 42%
2021-09-07 17:00:09, 32.815, 62.875, 66.000, 48%
2021-09-07 17:00:11, 32.812, 62.938, 66.000, 54%
2021-09-07 17:00:13, 32.809, 62.938, 66.000, 60%
2021-09-07 17:00:15, 32.807, 63.000, 66.000, 66%
2021-09-07 17:00:17, 32.804, 63.125, 66.000, 72%
2021-09-07 17:00:19, 32.801, 63.250, 66.000, 77%
2021-09-07 17:00:21, 32.797, 63.375, 66.000, 82%
2021-09-07 17:00:23, 32.794, 63.375, 66.000, 86%
2021-09-07 17:00:25, 32.792, 63.625, 66.000, 92%
2021-09-07 17:00:27, 32.791, 63.875, 66.000, 95%
2021-09-07 17:00:29, 32.790, 64.188, 66.000, 98%
2021-09-07 17:00:31, 32.791, 64.188, 66.000, 100%
2021-09-07 17:00:33, 32.791, 64.500, 66.000, 100%
2021-09-07 17:00:35, 32.791, 64.875, 66.000, 100%
2021-09-07 17:00:37, 32.791, 65.250, 66.000, 100%
2021-09-07 17:00:39, 32.790, 65.688, 66.000, 100%
2021-09-07 17:00:41, 32.790, 65.688, 66.000, 100%
2021-09-07 17:00:43, 32.788, 66.188, 66.000, 100%
2021-09-07 17:00:45, 32.786, 66.688, 66.000, 98%
2021-09-07 17:00:47, 32.784, 67.250, 66.000, 94%
2021-09-07 17:00:49, 32.781, 67.250, 66.000, 89%
2021-09-07 17:00:51, 32.779, 67.750, 66.000, 87%
2021-09-07 17:00:53, 32.776, 68.312, 66.000, 81%
2021-09-07 17:00:55, 32.773, 68.938, 66.000, 73%
2021-09-07 17:00:57, 32.772, 69.500, 66.000, 64%
2021-09-07 17:00:59, 32.769, 69.500, 66.000, 54%
2021-09-07 17:01:01, 32.766, 70.125, 66.000, 47%
2021-09-07 17:01:03, 32.764, 70.688, 66.000, 36%
2021-09-07 17:01:05, 32.762, 71.250, 66.000, 24%
2021-09-07 17:01:07, 32.761, 71.250, 66.000, 10%
2021-09-07 17:01:09, 32.760, 71.812, 66.000, 0%
2021-09-07 17:01:11, 32.759, 72.312, 66.000, -14%
2021-09-07 17:01:13, 32.758, 72.812, 66.000, -29%
2021-09-07 17:01:15, 32.759, 73.250, 66.000, -45%
2021-09-07 17:01:17, 32.759, 73.250, 66.000, -62%
2021-09-07 17:01:19, 32.759, 73.625, 66.000, -76%
2021-09-07 17:01:21, 32.759, 73.750, 66.000, -93%
2021-09-07 17:01:23, 32.759, 73.750, 66.000, -100%
2021-09-07 17:01:25, 32.760, 73.750, 66.000, -100%
2021-09-07 17:01:27, 32.762, 73.562, 66.000, -100%
2021-09-07 17:01:29, 32.765, 73.312, 66.000, -100%
2021-09-07 17:01:31, 32.768, 73.000, 66.000, -100%
2021-09-07 17:01:33, 32.772, 72.688, 66.000, -100%
2021-09-07 17:01:35, 32.776, 72.688, 66.000, -100%
2021-09-07 17:01:37, 32.781, 72.312, 66.000, -100%
2021-09-07 17:01:39, 32.785, 71.938, 66.000, -100%
2021-09-07 17:01:41, 32.788, 71.625, 66.000, -100%
2021-09-07 17:01:43, 32.793, 71.625, 66.000, -100%
2021-09-07 17:01:45, 32.797, 71.188, 54.000, -100%
2021-09-07 17:01:47, 32.802, 70.812, 54.000, -100%
2021-09-07 17:01:49, 32.806, 70.312, 54.000, -100%
2021-09-07 17:01:51, 32.811, 69.938, 54.000, -100%
2021-09-07 17:01:53, 32.816, 69.938, 54.000, -100%
2021-09-07 17:01:55, 32.821, 69.500, 54.000, -100%
2021-09-07 17:01:57, 32.826, 69.062, 54.000, -100%
2021-09-07 17:01:59, 32.830, 68.625, 54.000, -100%
2021-09-07 17:02:01, 32.833, 68.625, 54.000, -100%
2021-09-07 17:02:03, 32.836, 68.188, 54.000, -100%
2021-09-07 17:02:05, 32.839, 67.750, 54.000, -100%
2021-09-07 17:02:07, 32.842, 67.250, 54.000, -100%
2021-09-07 17:02:09, 32.846, 66.812, 54.000, -100%
2021-09-07 17:02:11, 32.850, 66.812, 54.000, -100%
2021-09-07 17:02:13, 32.854, 66.375, 54.000, -100%
2021-09-07 17:02:15, 32.857, 65.938, 54.000, -100%
2021-09-07 17:02:17, 32.861, 65.500, 54.000, -100%
2021-09-07 17:02:19, 32.865, 65.500, 54.000, -100%
2021-09-07 17:02:21, 32.869, 65.062, 54.000, -100%
2021-09-07 17:02:23, 32.874, 64.625, 54.000, -100%
2021-09-07 17:02:25, 32.875, 64.188, 54.000, -100%
2021-09-07 17:02:27, 32.879, 63.750, 54.000, -100%
2021-09-07 17:02:29, 32.883, 63.750, 54.000, -100%
2021-09-07 17:02:31, 32.886, 63.312, 54.000, -100%
2021-09-07 17:02:33, 32.889, 62.875, 54.000, -100%
2021-09-07 17:02:35, 32.892, 62.438, 54.000, -100%
2021-09-07 17:02:37, 32.894, 62.438, 54.000, -100%
2021-09-07 17:02:39, 32.897, 62.062, 54.000, -100%
2021-09-07 17:02:41, 32.899, 61.625, 54.000, -100%
2021-09-07 17:02:43, 32.901, 61.188, 54.000, -100%
2021-09-07 17:02:45, 32.901, 60.812, 54.000, -100%
2021-09-07 17:02:47, 32.902, 60.812, 54.000, -100%
2021-09-07 17:02:49, 32.903, 60.438, 54.000, -100%
2021-09-07 17:02:51, 32.905, 60.000, 54.000, -100%
2021-09-07 17:02:53, 32.906, 59.625, 54.000, -100%
2021-09-07 17:02:55, 32.907, 59.625, 54.000, -100%
2021-09-07 17:02:57, 32.908, 59.188, 54.000, -100%
2021-09-07 17:02:59, 32.908, 58.750, 54.000, -100%
2021-09-07 17:03:01, 32.909, 58.438, 54.000, -100%
2021-09-07 17:03:03, 32.910, 58.062, 54.000, -100%
2021-09-07 17:03:05, 32.911, 58.062, 54.000, -100%
2021-09-07 17:03:07, 32.912, 57.688, 54.000, -100%
2021-09-07 17:03:09, 32.913, 57.312, 54.000, -100%
2021-09-07 17:03:11, 32.914, 57.000, 54.000, -100%
2021-09-07 17:03:13, 32.915, 57.000, 54.000, -100%
2021-09-07 17:03:15, 32.917, 56.625, 54.000, -100%
2021-09-07 17:03:17, 32.920, 56.250, 54.000, -100%
2021-09-07 17:03:19, 32.922, 55.938, 54.000, -100%
2021-09-07 17:03:21, 32.925, 55.625, 54.000, -100%
2021-09-07 17:03:23, 32.926, 55.625, 54.000, -100%
2021-09-07 17:03:25, 32.928, 55.250, 54.000, -100%
2021-09-07 17:03:27, 32.930, 54.875, 54.000, -100%
2021-09-07 17:03:29, 32.930, 54.562, 54.000, -100%
2021-09-07 17:03:31, 32.932, 54.562, 54.000, -100%
2021-09-07 17:03:33, 32.934, 54.250, 54.000, -100%
2021-09-07 17:03:35, 32.936, 53.938, 54.000, -100%
2021-09-07 17:03:37, 32.938, 53.625, 54.000, -99%
2021-09-07 17:03:39, 32.940, 53.375, 54.000, -97%
2021-09-07 17:03:41, 32.941, 53.375, 54.000, -94%
2021-09-07 17:03:43, 32.942, 53.188, 54.000, -93%
2021-09-07 17:03:45, 32.943, 52.938, 54.000, -90%
2021-09-07 17:03:47, 32.942, 52.812, 54.000, -87%
2021-09-07 17:03:49, 32.942, 52.812, 54.000, -84%
2021-09-07 17:03:51, 32.941, 52.625, 54.000, -82%
2021-09-07 17:03:53, 32.939, 52.438, 54.000, -78%
